Rato,Data,Objeto 1,Objeto 2,Condição,Sessão,Tipo,acontencimento,Sono_pre,Sono_pos
R2,28.04.2024,x,x,NOR,A1,Amostra,,,
R2,28.04.2024,x,x,NOR,A2,Amostra,cabo conectando e desconectando,,
R2,28.04.2024,x,x,NOR,A3,Amostra,,,
R2,28.04.2024,x,x,NOR,A4,Amostra,,,
R2,28.04.2024,novo,familiar,NOR,T1,Teste,Derrubou objeto,,
R2,28.04.2024,familiar,novo,NOR,T2,Teste,Roeu o objeto ,,
R2,28.04.2024,familiar,novo,NOR,T3,Teste,,,
R2,28.04.2024,novo,familiar,NOR,T4,Teste,,,
R2,01.04.2024,x,x,25%,A1,Amostra,,,
R2,01.04.2024,x,x,25%,A2,Amostra,Derrubou objeto,,
R2,01.04.2024,x,x,25%,A3,Amostra,"explorou mt pouco, demorou a entrar",,
R2,01.04.2024,x,x,25%,A4,Amostra,falhou e tivemos que reiniciar,,
R2,01.04.2024,familiar,novo,25%,T1,Teste,,,
R2,01.04.2024,familiar,novo,25%,T2,Teste,"Derrubou objeto, não explorou",,
R2,01.04.2024,novo,familiar,25%,T3,Teste,explorou bem no teste,,
R2,01.04.2024,novo,familiar,25%,T4,Teste,,,
R2,30.04.2024,x,x,50%,A1,Amostra,,Dormiu 1h e pouco depois,dormiu
R2,30.04.2024,x,x,50%,A2,Amostra,,,
R2,30.04.2024,x,x,50%,A3,Amostra,,,
R2,30.04.2024,x,x,50%,A4,Amostra,Derrubou objeto,,
R2,30.04.2024,familiar,novo,50%,T1,Teste,,,
R2,30.04.2024,novo,familiar,50%,T2,Teste,,,
R2,30.04.2024,novo,familiar,50%,T3,Teste,,,
R2,30.04.2024,familiar,novo,50%,T4,Teste,,,
R2,ver,x,x,75%,A1,Amostra,Roeu o objeto ,,
R2,ver,x,x,75%,A2,Amostra,Roeu o objeto ,,
R2,ver,x,x,75%,A3,Amostra,,,
R2,ver,x,x,75%,A4,Amostra,,,
R2,ver,familiar,novo,75%,T1,Teste,,,
R2,ver,novo,familiar,75%,T2,Teste,,,
R2,ver,familiar,novo,75%,T3,Teste,,,
R2,ver,novo,familiar,75%,T4,Teste,,,