Rato,Data,Objeto 1,Objeto 2,Condição,Sessão,Tipo,acontencimento,Sono_pre,Sono_pos
R8,08.11.2024,x,x,NOR,A1,Amostra,,,
R8,08.11.2024,x,x,NOR,A2,Amostra,,,
R8,08.11.2024,x,x,NOR,A3,Amostra,,,
R8,08.11.2024,x,x,NOR,A4,Amostra,Signal ruim,,
R8,08.11.2024,novo,familiar,NOR,T1,Teste,,,
R8,08.11.2024,novo,familiar,NOR,T2,Teste,,,
R8,08.11.2024,familiar,novo,NOR,T3,Teste,TROCOU OBJETOS,,
R8,08.11.2024,familiar,novo,NOR,T4,Teste,,,
R8,10.11.2024,x,x,0.25,A1,Amostra,signal com ruido,,
R8,10.11.2024,x,x,0.25,A2,Amostra,sem registro eletro,,
R8,10.11.2024,x,x,0.25,A3,Amostra,,,
R8,10.11.2024,x,x,0.25,A4,Amostra,,,
R8,10.11.2024,familiar,novo,0.25,T1,Teste,,,
R8,10.11.2024,novo,familiar,0.25,T2,Teste,,,
R8,10.11.2024,familiar,novo,0.25,T3,Teste,,,
R8,10.11.2024,novo,familiar,0.25,T4,Teste,,,
R8,,x,x,0.5,A1,Amostra,KD?,,
R8,,x,x,0.5,A2,Amostra,KD?,,
R8,,x,x,0.5,A3,Amostra,KD?,,
R8,,x,x,0.5,A4,Amostra,KD?,,
R8,,,,0.5,T1,Teste,KD?,,
R8,,,,0.5,T2,Teste,KD?,,
R8,,,,0.5,T3,Teste,KD?,,
R8,,,,0.5,T4,Teste,KD?,,
R8,ver,x,x,0.75,A1,Amostra,,,
R8,ver,x,x,0.75,A2,Amostra,,,
R8,ver,x,x,0.75,A3,Amostra,,,
R8,ver,x,x,0.75,A4,Amostra,demorou a sair,,
R8,ver,familiar,novo,0.75,T1,Teste,,,
R8,ver,novo,familiar,0.75,T2,Teste,,,
R8,ver,familiar,novo,0.75,T3,Teste,"não explorou, demorou a sair",,
R8,evr,novo,familiar,0.75,T4,Teste,,,